track_name,artist(s)_name,released_year,total_streams,total_playlists,total_charts
Love Yourself,Justin Bieber,2015,2123309722,25449,128
La Llevo Al Cielo (Ft. ï¿½ï¿½engo F,"Nengo Flow, Anuel Aa, Chris Jedi, Chencho Corleone",2022,333146475,3626,5
PERO Tï¿,"Karol G, Quevedo",2023,93438910,412,30
Woman,Doja Cat,2021,1329090101,10089,114
Last Night,Morgan Wallen,2023,429829812,2487,452
LA FAMA (with The Weeknd),"The Weeknd, ROSALï¿½",2021,374706940,5228,106
All My Life (feat. J. Cole),"J. Cole, Lil Durk",2023,144565150,2313,648
Si Te La Encuentras Por Ahï¿,Feid,2022,179061440,1420,14
N95,Kendrick Lamar,2022,301242089,5659,222
positions,Ariana Grande,2020,1252563873,8477,57
Special,SZA,2022,88092256,915,21
Don't You Worry,"David Guetta, Shakira, Black Eyed Peas",2022,240918092,2771,11
Sacrifice,The Weeknd,2022,326792833,4654,137
Dreamers [Music from the FIFA World Cup Qatar 2022 Official Soundtrack],"BTS, Jung Kook, FIFA Sound",2022,323358833,935,119
When Iï¿½ï¿½ï¿½m Gone (with Katy ,"Katy Perry, Alesso",2021,226897599,3424,21
Kahani Suno 2.0,Kaifi Khalil,2022,156777415,164,17
Wild Flower (with youjeen),RM,2022,135611421,369,78
Dakiti,"Bad Bunny, Jhay Cortez",2020,1763363713,11929,221
CORAZï¿½ï¿½N VA,Maria Becerra,2023,43857627,400,133
City of Gods,"Kanye West, Alicia Keys, Fivio Foreign",2022,107255472,2160,3
BREAK MY SOUL,Beyoncï¿,2022,354614964,10205,77
ýýýabcdefu,Gayle,2021,1007612429,7960,90
Thought You Should Know,Morgan Wallen,2022,203221468,985,118
Los del Espacio,"Big One, Duki, Lit Killah, Maria Becerra, FMK, Rusherking, Emilia, Tiago pzk",2023,123122413,1206,255
Until I Found You,Stephen Sanchez,2021,726434358,4650,562
Niagara Falls (Foot or 2) [with Travis Scott & 21 Savage],"Travis Scott, 21 Savage, Metro Boomin",2022,195516622,1626,24
Cheques,Shubh,2023,47956378,74,75
Players,Coi Leray,2022,335074782,4357,294
Streets,Doja Cat,2019,865640097,5992,99
Popular (with Playboi Carti & Madonna) - The Idol Vol. 1 (Music from the HBO Original Series),"The Weeknd, Madonna, Playboi Carti",2023,115364561,2106,1376
Never Felt So Alone,Labrinth,2023,117747907,1827,28
GATï¿½ï¿½,"Maldy, Karol G",2022,322336177,3424,67
Efecto,Bad Bunny,2022,1047480053,4081,106
Every Summertime,NIKI,2021,290228626,1246,10
Left and Right (Feat. Jung Kook of BTS),"Charlie Puth, BTS, Jung Kook",2022,720434240,3149,39
"Peso Pluma: Bzrp Music Sessions, Vol. 55","Bizarrap, Peso Pluma",2023,200647221,1362,342
The Family Madrigal,"Olga Merediz, Stephanie Beatriz, Encanto - Cast",2021,184937148,1182,38
LALA,Myke Towers,2023,133716286,1580,570
Conexï¿½ï¿½es de Mï¿½ï¿½fia (feat. Rich ,"Rich The Kid, Matuï¿",2023,77233241,443,41
Poland,Lil Yachty,2022,115331792,1646,0
Fast Car,Luke Combs,2023,157058870,1538,538
AMERICA HAS A PROBLEM (feat. Kendrick Lamar),"Kendrick Lamar, Beyoncï¿",2023,57089066,963,3
Titi Me Preguntï¿,Bad Bunny,2022,1264310836,9300,355
Stay Alive (Prod. SUGA of BTS),Jung Kook,2022,246376690,614,119
PLAYA DEL INGLï¿½,"Myke Towers, Quevedo",2022,221409663,1765,79
Romantic Homicide,d4vd,2022,681583126,2467,87
En El Radio Un Cochinero,Victor Cibrian,2022,164856284,520,36
you broke me first,Tate McRae,2020,1180094974,7123,20
Eu Gosto Assim - Ao Vivo,"Gustavo Mioto, Mari Fernandez",2022,222612678,1566,73
Hot Shit (feat. Ye & Lil Durk),"Kanye West, Lil Durk, Cardi B",2022,85924992,1614,0
TV,Billie Eilish,2022,338564981,3142,116
Can't Hold Us (feat. Ray Dalton),"Ray Dalton, Ryan Lewis, Macklemore",2011,1953533826,12826,98
Reminder,The Weeknd,2016,684675814,6801,150
La Corriente,"Tony Dize, Bad Bunny",2022,479655659,1822,34
Made You Look,Meghan Trainor,2022,502574952,4225,48
I Heard You're Married (feat. Lil Wayne),"The Weeknd, Lil Wayne",2022,91656026,1196,10
Formula,Labrinth,2019,554875730,3570,93
Happy Xmas (War Is Over),"John Lennon, The Harlem Community Choir, The Plastic Ono Band, Yoko Ono",1971,460492795,11349,1
Esqueï¿½ï¿½a-Me Se For C,"Marï¿½ï¿½lia Mendonï¿½ï¿½a, Maiara &",2021,258316038,697,92
Hold My Hand,Lady Gaga,2022,238350348,2861,115
Something in the Orange,Zach Bryan,2022,449701773,3395,229
CHORRITO PA LAS ANIMAS,Feid,2022,345031710,2384,109
Smells Like Teen Spirit - Remastered 2021,Nirvana,1991,1690192927,62623,294
Por las Noches,Peso Pluma,2021,330346424,469,145
Ojitos Lindos,"Bomba Estï¿½ï¿½reo, Bad B",2022,1133865788,6305,192
Have You Ever Seen The Rain?,Creedence Clearwater Revival,1968,1145727611,16614,218
Out of Time,The Weeknd,2022,339659802,3822,148
Love Language,SZA,2022,110849052,1151,63
Fin de Semana,"Oscar Maydon, Junior H",2023,307370144,609,129
Nosso Quadro,"Ana Castela, AgroPlay",2023,233801632,974,172
Far,SZA,2022,51641685,683,15
I Hate U,SZA,2021,356709897,4203,96
VAGABUNDO,"Sebastian Yatra, Manuel Turizo, Beï¿½ï",2023,90839753,1181,303
Makeba,Jain,2015,165484133,8913,1674
Mockingbird,Eminem,2004,1241559043,15428,368
Demons,Imagine Dragons,2012,1840364617,30184,112
Die Hard,"Kendrick Lamar, Blxst, Amanda Reifer",2022,237351106,4697,13
Evergreen (You Didnï¿½ï¿½ï¿½t Deserve Me A,Omar Apollo,2022,227918678,2618,0
cï¿½ï¿½mo dormi,Rels B,2022,331511413,1488,50
Bombonzinho - Ao Vivo,"Israel & Rodolffo, Ana Castela",2022,263453310,1353,83
Enemy - from the series Arcane League of Legends,"Imagine Dragons, League of Legends, Arcane",2021,1223481149,840,10
Dijeron Que No La Iba Lograr,"Fuerza Regida, Chino Pacas",2023,116334601,327,64
Just The Way You Are,Bruno Mars,2010,1641426668,24134,13
"""Besharam Rang (From """"Pathaan"""")""","Vishal-Shekhar, Shilpa Rao, Caralisa Monteiro, Kumaar, Vishal Dadlani, Shekhar Ravjiani",2022,140187018,153,83
Softcore,The Neighbourhood,2018,599770206,4073,144
First Class,Jack Harlow,2022,694525298,9037,59
Savior - Interlude,Kendrick Lamar,2022,37091576,1197,0
Rara Vez,"Taiu, Milo j",2023,248088961,936,152
Stan,"Eminem, Dido",1999,918915401,21378,63
Perfect,Ed Sheeran,2017,2559529074,18697,13
Jingle Bells - Remastered 1999,Frank Sinatra,1957,178660459,4423,3
FEARLESS,LE SSERAFIM,2022,229497852,656,75
How Do I Make You Love Me?,The Weeknd,2022,119238316,1937,47
Moscow Mule,Bad Bunny,2022,909001996,4731,157
LOVE DIVE,IVE,2022,305771063,794,133
WAIT FOR U (feat. Drake & Tems),"Drake, Future, Tems",2022,556585270,5694,133
vampire,Olivia Rodrigo,2023,140003974,1582,1283
Vampiro,"Matuï¿½ï¿½, Wiu, ",2022,187772591,605,7
No Role Modelz,J. Cole,2014,1791000570,21720,115
"Gol Bolinha, Gol Quadrado 2","Mc Pedrinho, DJ 900",2023,11956641,328,78
Broke Boys,"Drake, 21 Savage",2022,106249219,1068,8
Down Under (feat. Colin Hay),"Luude, Colin Hay",2021,252871192,3648,23
"Rauw Alejandro: Bzrp Music Sessions, Vol. 56","Rauw Alejandro, Bizarrap",2023,66902503,928,184
Pipoco,"Melody, Ana Castela, Dj Chris No Beat",2022,191873381,1199,10
MAMIII,"Karol G, Becky G",2022,716591492,7135,164
Numb,"Marshmello, Khalid",2022,295307001,4072,88
Counting Stars,OneRepublic,2013,2011464183,32788,304
Snow On The Beach (feat. More Lana Del Rey),"Lana Del Rey, Taylor Swift",2023,60350538,369,2
THE SHADE,Rex Orange County,2022,244928911,1222,20
Bye,Peso Pluma,2023,95053634,345,186
Cartï¿½ï¿½o B,"MC Caverinha, KayBlack",2023,71573339,306,18
Savior,"Kendrick Lamar, Sam Dew, Baby Keem",2022,86176890,2308,0
After Hours,The Weeknd,2020,698086140,8347,343
DOGTOOTH,"Tyler, The Creator",2023,80758350,1520,33
Acapulco,Jason Derulo,2021,363467642,3391,6
SNAP,Rosa Linn,2022,1437674063,5460,475
ýýý98 Braves,Morgan Wallen,2023,56533272,288,15
BackOutsideBoyz,Drake,2022,93367537,1055,5
Otro Atardecer,"Bad Bunny, The Marï¿½ï",2022,319546754,1704,70
Primera Cita,Carin Leon,2022,77309611,278,275
Master of Puppets (Remastered),Metallica,1986,704171068,6598,199
A Tu Merced,Bad Bunny,2020,685071800,4275,31
Here With Me,d4vd,2022,635412045,3408,193
Payphone,"Maroon 5, Wiz Khalifa",2012,1479264469,16090,103
Thunder,"Prezioso, Gabry Ponte, LUM!X",2021,422691058,5159,39
Enemy (with JID) - from the series Arcane League of Legends,"Imagine Dragons, League of Legends, JID, Arcane",2021,1223481149,6882,126
Typa Girl,BLACKPINK,2022,235549288,467,140
Say You Won't Let Go,James Arthur,2016,2420461338,17462,66
Monotonï¿½,"Ozuna, Shakira",2022,380726517,3913,72
Astronaut In The Ocean,Masked Wolf,2019,1138474110,7815,25
Mr. Morale,"Kendrick Lamar, Tanna Leone",2022,58687425,1864,0
Super Gremlin,Kodak Black,2021,342779426,2638,16
she's all i wanna be,Tate McRae,2022,343197054,2867,24
METAMORPHOSIS,INTERWORLD,2021,357580552,1603,132
XQ Te Pones Asï¿,"Yandel, Feid",2022,47093942,320,1
Lover,Taylor Swift,2012,882831184,8771,138
Bound 2,Kanye West,2013,703301727,20113,18
WANDA,Quevedo,2023,175399345,906,54
S-Class,Stray Kids,2023,65496046,304,193
"Calling (Spider-Man: Across the Spider-Verse) (Metro Boomin & Swae Lee, NAV, feat. A Boogie Wit da Hoodie)","Swae Lee, A Boogie Wit da Hoodie, Metro Boomin, NAV",2023,109276132,1113,242
Baile no Morro,"Mc Vitin Da Igrejinha, MC Tairon, DJ Win",2022,129314708,726,32
"Quevedo: Bzrp Music Sessions, Vol. 52","Bizarrap, Quevedo",2022,1356565093,8764,300
Acrï¿½ï¿½s,Shakira,2023,123124076,1071,121
Di Que Si,"Grupo Marca Registrada, Grupo Frontera",2023,147290338,364,113
Thousand Miles,The Kid Laroi,2022,244741137,2148,10
SloMo,Chanel,2021,65719930,1261,2
Me Fui de Vacaciones,Bad Bunny,2022,305650299,1474,12
Pantysito,"Feid, Alejo, Robi",2022,273005485,3074,17
Fingers Crossed,"Lauren Spencer Smith, Lauren Spencer Smith, Lauren Spencer Smith",2022,349585590,2370,29
"Arcï¿½ï¿½ngel: Bzrp Music Sessions, Vol","Arcangel, Bizarrap",2023,100409613,683,8
Love Again,The Kid Laroi,2023,147538971,1388,4
Miss You,"Robin Schulz, Oliver Tree",2022,497225336,6035,194
295,Sidhu Moose Wala,2021,183273246,250,117
Una Noche en Medellï¿½,Cris Mj,2022,682475162,5514,51
Tacones Rojos,Sebastian Yatra,2021,510876816,3209,73
Desesperados,"Chencho Corleone, Rauw Alejandro",2021,809306935,7032,99
Toxic,BoyWithUke,2021,582981380,1947,83
Ley Seca,"Anuel Aa, Jhay Cortez",2021,355219175,2151,12
Curtains,Ed Sheeran,2023,39893489,779,53
Double Fantasy (with Future),"The Weeknd, Future",2023,96180277,1233,65
OMG,NewJeans,2023,430977451,1824,174
Mood (feat. Iann Dior),"24kgoldn, Iann Dior",2020,1699402402,13727,87
un x100to,"Bad Bunny, Grupo Frontera",2023,505671438,2971,508
BESO,"Rauw Alejandro, ROSALï¿½",2023,357925728,4317,354
Don't Be Shy,"Tiï¿½ï¿½sto, Kar",2021,566954746,6384,73
Mount Everest,Labrinth,2019,467727006,5568,13
Jimmy Cooks (feat. 21 Savage),"Drake, 21 Savage",2022,618885532,6010,183
Bar,"Tini, L-Gante",2021,200972675,777,7
TULUM,"Peso Pluma, Grupo Frontera",2023,52294266,299,424
Best Friends,The Weeknd,2022,101114984,1309,18
"""I'm Tired - From """"Euphoria"""" An Original HBO Series""",Labrinth,2022,121913181,1972,1
Shape of You,Ed Sheeran,2017,3562543890,39022,17
VOID,Melanie Martinez,2023,67070410,637,61
WHERE SHE GOES,Bad Bunny,2023,303236322,3304,623
Shoong! (feat. LISA of BLACKPINK),"TAEYANG, Lisa",2023,76910644,377,163
Sparks,Coldplay,2000,624101957,11655,4
212,"Mainstreet, Chefin",2022,143139338,401,0
Cupid,Fifty Fifty,2023,139681964,571,423
Adore You,Harry Styles,2019,1439191367,14219,79
Tom's Diner,"AnnenMayKantereit, Giant Rooks",2019,236872197,2670,51
Nxde,(G)I-DLE,2022,170709584,453,133
So Good,Halsey,2022,91781263,1127,14
Get Into It (Yuh),Doja Cat,2021,516784627,5115,31
Bejeweled,Taylor Swift,2022,328207708,2760,37
deja vu,Olivia Rodrigo,2021,1256880657,7803,89
Open Arms (feat. Travis Scott),"SZA, Travis Scott",2022,155653938,1450,137
Calm Down (with Selena Gomez),"Rï¿½ï¿½ma, Selena G",2022,899183384,7632,330
"Sex, Drugs, Etc.",Beach Weather,2016,480507035,3140,212
I Know - PR1SVX Edit,"Kanii, PR1ISVX",2023,77377503,428,16
Jordan,Ryan Castro,2021,394030335,2908,5
Frï¿½ï¿½gil (feat. Grupo Front,"Yahritza Y Su Esencia, Grupo Frontera",2023,188933502,715,363
Holly Jolly Christmas,Michael Bublï¿,2011,476244795,7951,0
Every Angel is Terrifying,The Weeknd,2022,37307967,717,1
Dark Red,Steve Lacy,2017,920045682,10683,70
Circles,Post Malone,2019,2132335812,20688,129
Mas Rica Que Ayer,"Mambo Kingz, DJ Luian, Anuel Aa",2023,146409671,1238,76
Mejor Que Yo,"Mambo Kingz, DJ Luian, Anuel Aa",2023,50847624,695,15
For Youth,BTS,2022,114546317,344,40
Feliz Navidad,Josï¿½ï¿½ Felic,1970,520034544,3819,3
The Color Violet,Tory Lanez,2021,415932686,2609,166
happier,Olivia Rodrigo,2021,850608354,3199,95
SPACE MAN,Sam Ryder,2022,54682594,1403,51
Tattoo,Loreen,2023,201660859,3207,1104
On BS,"Drake, 21 Savage",2022,170413877,1354,20
Bad Habits,Ed Sheeran,2020,1555511105,14044,180
Only Love Can Hurt Like This,Paloma Faith,2014,588955257,5603,136
ceilings,Lizzy McAlpine,2022,293186992,3357,70
Every Breath You Take - Remastered 2003,The Police,1983,1593270737,23579,222
"""Apna Bana Le (From """"Bhediya"""")""","Arijit Singh, Sachin-Jigar",2022,139836056,97,149
O.O,NMIXX,2022,135444283,309,66
Yet To Come,BTS,2022,302006641,887,110
In Da Club,50 Cent,2002,1202722675,35883,149
Summertime Sadness,Lana Del Rey,2011,983637508,22054,398
Like Crazy,Jimin,2023,363369738,627,203
Apocalypse,Cigarettes After Sex,2017,841749534,13942,231
Stargirl Interlude,"The Weeknd, Lana Del Rey",2016,611700552,1293,41
Novo Balanï¿½,"Veigh, Bvga Beatz, Supernova Ent, Prod Malax",2023,81102253,315,83
Sleigh Ride,The Ronettes,1963,404664135,10490,74
Snooze,SZA,2022,399686758,2939,418
Radio,Lana Del Rey,2011,284819874,9695,539
Aguacero,Bad Bunny,2022,283359161,843,15
Believer,Imagine Dragons,2017,2594040133,22205,185
Si Quieren Frontear,"De La Ghetto, Duki, Quevedo",2022,178512385,884,0
Sunroof,"Nicky Youre, Dazy",2021,652704649,4007,71
Cupid ï¿½ï¿½ï¿½ Twin Ver. (FIFTY FIFTY) ï¿½ï¿½ï¿½ Spe,sped up 8282,1997,103762518,478,2
(It Goes Like) Nanana - Edit,Peggy Gou,2023,57876440,2368,76
Notice Me,SZA,2022,62019074,833,22
No Se Va,Grupo Frontera,2022,404887295,963,145
Igualito a Mi Apï¿,"Fuerza Regida, Peso Pluma",2022,158950978,278,95
Bones,Imagine Dragons,2021,838079900,4623,322
Notion,The Rare Occasions,2016,421135627,2480,19
cardigan,Taylor Swift,2020,812019557,8171,360
Levitating,Dua Lipa,2020,797196073,10597,84
Call Out My Name,The Weeknd,2018,1449799467,12039,219
Overdrive,Post Malone,2023,14780425,477,95
favorite crime,Olivia Rodrigo,2021,783706581,3800,28
Polaroid Love,ENHYPEN,2022,211372494,488,56
Mami Chula,"Quevedo, Jhayco",2023,61105704,919,60
AMG,"Natanael Cano, Gabito Ballesteros, Peso Pluma",2022,463564958,1016,144
fukumean,Gunna,2023,95217315,1204,1257
"Residente: Bzrp Music Sessions, Vol. 49","Residente, Bizarrap",2022,94616487,481,11
Still Don't Know My Name,Labrinth,2019,563902868,6645,116
Creep,Radiohead,1992,1271293243,43677,164
NEW MAGIC WAND,"Tyler, The Creator",2019,461437791,4776,8
Se Le Ve,"Arcangel, De La Ghetto, Justin Quiles, Lenny Tavï¿½ï¿½rez, Sech, Dalex, Dimelo Flow, Rich Music",2021,223319934,1632,0
QUEMA,"Sog, Ryan Castro, Peso Pluma",2023,11599388,480,271
PUFFIN ON ZOOTIEZ,Future,2022,254218729,2401,42
Unstoppable,Sia,2016,939844851,8945,141
Shake It Off,Taylor Swift,2014,1113838873,23041,112
Dua Lipa,Jack Harlow,2022,150500965,2030,0
Agudo Mï¿½ï¿½gi,"Styrx, utku INC, Thezth",1930,90598517,341,0
Nonsense,Sabrina Carpenter,2022,342897938,2453,111
Matilda,Harry Styles,2022,366214458,3326,13
Gatita,Bellakath,2022,168684524,1078,1
Lady Mi Amor,Feid,2022,53987404,335,0
In The End,Linkin Park,2000,1624165576,31936,8
Yonaguni,Bad Bunny,2021,1260594497,9928,118
TO THE MOON,Jnr Choi,2021,245095641,3182,0
El Apagï¿½,Bad Bunny,2022,212351890,1232,8
Lift Me Up - From Black Panther: Wakanda Forever - Music From and Inspired By,Rihanna,2022,297328960,3652,73
All I Want for Christmas Is You,Mariah Carey,1994,1449779435,28134,192
I Really Want to Stay at Your House,"Rosa Walton, Hallie Coggins",2020,140430339,699,61
Underneath the Tree,Kelly Clarkson,2013,485285717,6991,99
Crazy What Love Can Do,"David Guetta, Ella Henderson, Becky Hill",2022,286739476,5571,78
Money Trees,"Kendrick Lamar, Jay Rock",2012,1093605526,27556,603
We Don't Talk About Bruno,"Adassa, Mauro Castillo, Stephanie Beatriz, Encanto - Cast, Rhenzy Feliz, Diane Guerrero, Carolina Gaitan",2021,432719968,2924,149
WORTH NOTHING,"Twisted, Oliver Tree",2022,213438580,1680,56
Plan A,Paulo Londra,2022,240661097,1156,0
Super Shy,NewJeans,2023,58255150,480,430
thought i was playing,"21 Savage, Gunna",2022,60680939,815,0
The Scientist,Coldplay,2002,1608164312,38943,32
Too Late,SZA,2022,49262961,716,9
MIDDLE OF THE NIGHT,Elley Duhï¿,2020,872137015,4375,82
It's Beginning to Look a Lot Like Christmas (with Mitchell Ayres & His Orchestra),"Perry Como, The Fontane Sisters, Mitchell Ayres & His Orchestra",1958,295998468,6537,39
Jhoome Jo Pathaan,"Arijit Singh, Vishal Dadlani, Sukriti Kakar, Vishal-Shekhar, Shekhar Ravjiani, Kumaar",2022,1365184,153,82
Photograph,Ed Sheeran,2014,2236667932,21459,192
Dos Oruguitas,Sebastian Yatra,2021,167076418,1023,47
Butter,BTS,2021,1143647827,5182,146
Bad Decisions (with BTS & Snoop Dogg),"Snoop Dogg, BTS, Benny Blanco",2022,219196651,1542,2
INDUSTRY BABY (feat. Jack Harlow),"Jack Harlow, Lil Nas X",2021,1814349763,14305,107
Bamba (feat. Aitch & BIA),"Luciano, Aitch, Bï¿½",2022,146223492,895,49
Fair Trade (with Travis Scott),"Drake, Travis Scott",2021,593917618,5617,125
sentaDONA (Remix) s2,"Luï¿½ï¿½sa Sonza, MC Frog, Dj Gabriel do Borel, Davi K",2022,176290831,951,0
Daylight,David Kushner,2023,387570742,3790,1559
Rush,Troye Sivan,2023,22581161,985,508
Sticky,Drake,2022,191448892,2877,107
"You're On Your Own, Kid",Taylor Swift,2022,348647203,2565,21
Little Freak,Harry Styles,2022,273194684,2361,3
En La De Ella,"Feid, Sech, Jhayco",2022,133895612,1366,26
When You're Gone,Shawn Mendes,2022,255120451,2211,25
Calm Down,Rï¿½ï,2022,445763624,4870,136
Hold Me Closer,"Elton John, Britney Spears",2017,284216603,5309,87
505,Arctic Monkeys,2007,1217120710,14603,107
Creepin',"The Weeknd, 21 Savage, Metro Boomin",2022,843957510,6394,287
Agosto,Bad Bunny,2022,246127838,911,20
TRUSTFALL,P!nk,2023,134255790,2287,498
lovely - Bonus Track,"Billie Eilish, Khalid",2017,2355719893,16331,264
BILLIE EILISH.,Armani White,2022,277132266,2653,13
AMARGURA,Karol G,2023,153372011,1170,296
Antes de Perderte,Duki,2022,157136970,604,10
Pope Is a Rockstar,SALES,2016,156658366,2020,2
Tarot,"Bad Bunny, Jhay Cortez",2022,608228647,2531,99
Like Crazy (English Version),Jimin,2023,173627354,382,96
"Cayï¿½ï¿½ La Noche (feat. Cruz Cafunï¿½ï¿½, Abhir Hathi, Bejo, EL IMA)","Quevedo, La Pantera, Juseph, Cruz Cafunï¿½ï¿½, Bï¿½ï¿½jo, Abhir Hathi",2022,245400167,1065,6
Yo Voy (feat. Daddy Yankee),Zion & Lennox,2004,527033089,2972,89
MONTAGEM - FR PUNK,"Ayparia, unxbected",2012,58054811,650,1272
Good Days,SZA,2020,826623384,10741,122
Seven (feat. Latto) (Explicit Ver.),"Latto, Jung Kook",2023,141381703,641,1246
Seu Brilho Sumiu - Ao Vivo,"Israel & Rodolffo, Mari Fernandez",2023,138517666,1025,64
PRC,"Natanael Cano, Peso Pluma",2023,436027885,990,190
PROVENZA,Karol G,2022,885093467,6848,169
Donï¿½ï¿½ï¿½t Break My,The Weeknd,2022,63803529,1191,5
Hype Boy,NewJeans,2022,363472647,924,145
DANCE CRIP,Trueno,2021,198883004,769,18
Freaky Deaky,"Tyga, Doja Cat",2022,153240879,1774,1
Tak Segampang Itu,Anggi Marito,2022,179659294,220,60
Bloody Mary,Lady Gaga,2011,372476382,4252,763
TQG,"Karol G, Shakira",2023,618990393,4583,544
Eyes Closed,Ed Sheeran,2023,195576623,3138,777
psychofreak (feat. WILLOW),"Camila Cabello, Willow",2022,75476209,994,0
Me Arrepentï¿,"Ak4:20, Cris Mj, Pailita",2022,118381354,289,4
The Business,Tiï¿½ï¿,2020,1062345656,15148,46
Alien Blues,Vundabar,2015,370068639,1961,1
TQM,Fuerza Regida,2023,176553476,615,293
Talking To The Moon,Bruno Mars,2010,1062956628,7976,2
Raindrops (Insane) [with Travis Scott],"Travis Scott, Metro Boomin",2022,110649992,893,7
Night Changes,One Direction,2014,1131090940,7186,98
CUFF IT,Beyoncï¿,2022,595900742,8387,147
Blind,SZA,2022,163284000,1518,51
BABY HELLO,"Rauw Alejandro, Bizarrap",2023,54266102,1104,287
Lï¿½ï¿½ï¿,Stromae,2022,108809090,2470,124
All Of The Girls You Loved Before,Taylor Swift,2019,185240616,1327,17
Quï¿½ï¿½ Mï¿½ï¿,"J Balvin, Maria Becerra",2021,720825549,8310,34
Blessed-Cursed,ENHYPEN,2022,77337771,258,12
Leave The Door Open,"Bruno Mars, Anderson .Paak, Silk Sonic",2021,1115880852,15223,133
STAR WALKIN' (League of Legends Worlds Anthem),Lil Nas X,2022,332506354,2937,209
VIBE (feat. Jimin of BTS),"TAEYANG, Jimin",2023,152850295,451,58
Sunflower - Spider-Man: Into the Spider-Verse,"Post Malone, Swae Lee",2018,2808096550,25309,268
Ya No Somos Ni Seremos,Christian Nodal,2022,319757142,925,118
Do They Know It's Christmas? - 1984 Version,Band Aid,1984,481697415,14827,30
Mi Bello Angel,Natanael Cano,2023,31873544,96,178
Shirt,SZA,2022,309653982,3571,97
Maroon,Taylor Swift,2022,317726339,2330,16
Haegeum,Agust D,2023,118810253,260,107
ýýýýýýýýýýýý,YOASOBI,2023,143573775,399,236
Cigarettes,Juice WRLD,2021,185408548,996,0
SLOW DANCING IN THE DARK,Joji,2018,1122364376,10314,80
Hits Different,Taylor Swift,2023,68616963,568,15
MORE,j-hope,2022,155795783,582,52
Something Just Like This,"The Chainsmokers, Coldplay",2017,2204080728,26403,242
Evoque Prata,"DJ Escobar, MC MENOR SG, MC MENOR HR",2022,174006928,916,1
Heat Waves,Glass Animals,2020,2557975762,23636,295
Something In The Way - Remastered 2021,Nirvana,1991,368646862,10756,70
Gato de Noche,"Nengo Flow, Bad Bunny",2022,304118600,2704,88
Hummingbird (Metro Boomin & James Blake),"James Blake, Metro Boomin",2023,39666245,283,22
Marisola - Remix,"Duki, NICKI NICOLE, Cris Mj, Standly, Stars Music Chile",2022,223582566,1895,26
Ain't Shit,Doja Cat,2021,499710590,3514,7
Te Felicito,"Shakira, Rauw Alejandro",2022,606361689,5132,89
A Tale By Quincy,The Weeknd,2022,41924466,735,2
I'm Not Here To Make Friends,"Sam Smith, Calvin Harris, Jessie Reyez",2023,103787664,2025,10
Rumble,"Skrillex, Flowdan, Fred again..",2022,78489819,2915,46
SPIT IN MY FACE!,ThxSoMch,2022,605086148,1262,41
After Dark,Mr.Kitty,2014,646886885,1780,23
United In Grief,Kendrick Lamar,2022,156898322,2591,56
69,"Nicky Jam, Feid",2023,57945987,1221,41
Obsessed,"Abhijay Sharma, Riar Saab",2022,71007139,173,127
Boyfriends,Harry Styles,2022,137070925,1573,2
"""Phir Aur Kya Chahiye (From """"Zara Hatke Zara Bachke"""")""","Arijit Singh, Sachin-Jigar, Amitabha Bhattacharya",2023,64533040,185,108
Snow On The Beach (feat. Lana Del Rey),"Taylor Swift, Lana Del Rey",2022,323437194,2478,68
People,Libianca,2022,373199958,3780,657
Conceited,SZA,2022,56870689,903,14
SABOR FRESA,Fuerza Regida,2023,78300654,276,348
La Bachata,Manuel Turizo,2022,1214083358,7104,381
All of Me,John Legend,2013,2086124197,32063,197
We Found Love,"Rihanna, Calvin Harris",2011,1235005533,41771,171
Un Coco,Bad Bunny,2022,403231558,1043,56
Midnight Rain,Taylor Swift,2022,433356509,2652,33
MOJABI GHOST,"Tainy, Bad Bunny",2023,61245289,935,374
I Love You So,The Walters,2014,972164968,7715,32
The Great War,Taylor Swift,2022,181382590,1286,6
"Villano Antillano: Bzrp Music Sessions, Vol. 51","Bizarrap, Villano Antillano",2022,248511839,1444,17
The Christmas Song (Merry Christmas To You) - Remastered 1999,Nat King Cole,1946,389771964,11891,72
Set Fire to the Rain,Adele,2011,1163620694,16990,679
on the street (with J. Cole),"j-hope, J. Cole",2023,116599790,645,93
Riptide,Vance Joy,1975,2009094673,32426,121
Miï¿½ï¿½n,"Tini, Maria Becerra",2021,596152090,3537,40
Golden,Harry Styles,2019,807015863,8714,27
Ojos Marrones,Lasso,2022,263280370,836,34
GIVENCHY,Duki,2022,185236961,650,22
Kill Bill,SZA,2022,1163093654,8453,438
About Damn Time,Lizzo,2022,1447788946,11892,96
"Am I Dreaming (Metro Boomin & A$AP Rocky, Roisee)","A$AP Rocky, Metro Boomin, Roisee",2023,94186466,772,121
Feliz Cumpleaï¿½ï¿½os Fe,Feid,2022,601863821,3527,114
Oh My God,Adele,2021,466214729,4735,7
Oi Balde - Ao Vivo,Zï¿½ï¿½ Neto & Crist,2023,145458418,904,93
Miserable Man,David Kushner,2022,124407432,833,1
Coco Chanel,"Bad Bunny, Eladio Carrion",2023,250305248,2019,214
Area Codes,"Kaliii, Kaliii",2023,113509496,1266,219
Flowers,Miley Cyrus,2023,1316855716,13256,1409
golden hour,JVKE,2022,751134527,4690,342
Silent Hill,"Kendrick Lamar, Kodak Black",2022,123216717,3073,0
Celestial,Ed Sheeran,2022,176474912,1805,51
Me Porto Bonito,"Chencho Corleone, Bad Bunny",2022,1440757818,9115,238
Nobody Gets Me,SZA,2022,284908316,2653,121
I Ain't Worried,OneRepublic,2022,1085685420,9130,572
Sweetest Pie,"Dua Lipa, Megan Thee Stallion",2022,299634472,3621,13
Born With A Beer In My Hand,Morgan Wallen,2023,34450974,208,9
Quï¿½ï¿½ Ago,"Yuridia, Angela Aguilar",2022,236857112,697,131
Still Life,BIGBANG,2022,53909146,204,14
Karma,Taylor Swift,2022,404562836,3887,350
Sure Thing,Miguel,2010,950906471,14373,435
Columbia,Quevedo,2023,58149378,769,339
Tak Ingin Usai,Keisya Levronka,2022,184807630,236,15
True Love,"Kanye West, XXXTENTACION",2022,194902696,2196,2
How Do I Say Goodbye,Dean Lewis,2022,284785823,2293,266
Satellite,Harry Styles,2022,311482393,3413,241
love nwantiti (ah ah ah),Ckay,2019,726837877,6005,76
ULTRA SOLO,"Polima WestCoast, Pailita",2022,307752576,1449,5
10 Things I Hate About You,Leah Kate,2022,185550869,1339,1
MONTERO (Call Me By Your Name),Lil Nas X,2020,1735441776,13342,79
New Jeans,NewJeans,2023,29562220,89,239
Worldwide Steppers,Kendrick Lamar,2022,61739839,1486,0
La Loto,"Anitta, Tini, Becky G",2022,121189256,1051,3
X ï¿½ï¿½LTIMA,"Daddy Yankee, Bad Bunny",2022,349746291,2784,4
we fell in love in october,girl in red,2018,723043854,6904,25
Dance Monkey,Tones and I,2019,2864791672,28657,233
S91,Karol G,2023,16011326,598,378
MERCHO,"Migrantes, LiL CaKe, Nico Valdi",2022,231332117,1364,130
Zona De Perigo,Leo Santana,2022,134294498,622,7
Stand By Me (feat. Morgan Wallen),"Lil Durk, Morgan Wallen",2023,46065667,410,200
The Feels,TWICE,2021,345903614,1214,101
Super,SEVENTEEN,2023,91221625,296,170
Dance The Night (From Barbie The Album),Dua Lipa,2023,127408954,3131,139
Soy El Unico,Yahritza Y Su Esencia,2022,126443991,235,1
Set Me Free Pt.2,Jimin,2023,168448603,360,94
Mine (Taylor's Version),Taylor Swift,2023,36912123,126,68
Heartless,Kanye West,2008,887906111,18882,75
Gospel (with Eminem),"Eminem, Dr. Dre",2022,64787943,1077,0
One Kiss (with Dua Lipa),"Calvin Harris, Dua Lipa",2017,1897517891,30968,198
Bussin,"Nicki Minaj, Lil Baby",2022,64714573,886,0
HUMBLE.,Kendrick Lamar,2017,1929770265,34971,120
Boy's a liar Pt. 2,"PinkPantheress, Ice Spice",2023,156338624,5440,176
PUNTO 40,"Baby Rasta, Rauw Alejandro",2022,304079786,3126,46
Swim,Chase Atlantic,2017,498960285,2809,1
That's Hilarious,Charlie Puth,2022,146363130,709,23
I'm Good (Blue),"Bebe Rexha, David Guetta",2022,1109433169,13310,1036
Starboy,"The Weeknd, Daft Punk",2016,2565529693,32262,357
Last Christmas,Wham!,1984,1159176109,23729,171
Major Distribution,"Drake, 21 Savage",2022,154863153,1582,7
Vigilante Shit,Taylor Swift,2022,253650850,1976,9
Daylight,Harry Styles,2022,290833204,2836,11
Gangsta's Paradise,"Coolio, L.V.",1995,1357608774,11031,77
Super Freaky Girl,Nicki Minaj,2022,428685680,5007,28
Seek & Destroy,SZA,2022,98709329,1013,31
Danza Kuduro,"Don Omar, Lucenzo",2010,1279434863,18231,622
Chale,Eden Muï¿½ï,2022,299648208,724,54
LUNA,"Junior H, Peso Pluma",2023,55842345,228,203
Father Time (feat. Sampha),"Kendrick Lamar, Sampha",2022,127309180,3133,0
Brividi,"Mahmood, Blanco",2022,135079152,1240,1
Bebe Dame,"Fuerza Regida, Grupo Frontera",2022,367316268,897,269
Ch y la Pizza,"Fuerza Regida, Natanael Cano",2022,288101651,554,99
DESPECHï¿,ROSALï¿½,2022,782369383,8215,193
Leï¿½,Marï¿½ï¿½lia Mendo,2022,267789608,1111,117
STAY (with Justin Bieber),"Justin Bieber, The Kid Laroi",2021,2665343922,18340,166
Anti-Hero,Taylor Swift,2022,999748277,9489,517
Yellow,Chris Molitor,1999,1755214421,35607,50
El Cielo,"Feid, Myke Towers, Sky Rompiendo",2023,107753850,1399,222
Blank Space,Taylor Swift,2014,1355959075,11998,259
Ditto,NewJeans,2022,397582059,1193,199
Static,Steve Lacy,2022,202452860,1647,15
I AM WOMAN,Emmy Meli,2021,225259194,2947,0
Light Switch,Charlie Puth,2022,500340342,4253,8
Get Lucky - Radio Edit,"Pharrell Williams, Nile Rodgers, Daft Punk",2013,933815613,61316,1
We Cry Together,"Kendrick Lamar, Taylour Paige",2022,68895644,1645,1
Trance (with Travis Scott & Young Thug),"Travis Scott, Young Thug, Metro Boomin",2022,276259178,1736,313
La Bebe - Remix,"Peso Pluma, Yng Lvcas",2023,553634067,3068,506
Salimo de Noche,"Trueno, Tiago pzk",2021,261414174,1095,5
POLARIS - Remix,"Feid, Mora, Saiko, Quevedo",2023,57312735,814,186
White Christmas,"Bing Crosby, John Scott Trotter & His Orchestra, Ken Darby Singers",1942,395591396,12136,79
"Shakira: Bzrp Music Sessions, Vol. 53","Shakira, Bizarrap",2023,721975598,6097,203
Driving Home for Christmas - 2019 Remaster,Chris Rea,1986,429504768,944,0
Volvï¿,"Aventura, Bad Bunny",2021,673801126,5646,35
Boy With Luv (feat. Halsey),"Halsey, BTS",2019,1065580332,4632,93
Niï¿½ï¿½a Bo,"Sean Paul, Feid",2023,115010040,1377,109
Let Me Down Slowly,Alec Benjamin,2018,1374581173,6782,19
Potion (with Dua Lipa & Young Thug),"Calvin Harris, Dua Lipa, Young Thug",2022,190625045,4175,45
A Holly Jolly Christmas - Single Version,Burl Ives,1952,395591396,8111,120
Pink Venom,BLACKPINK,2022,551305895,2097,149
Gone Girl,SZA,2022,65362788,897,17
Bohemian Rhapsody - Remastered 2011,Queen,1975,2197010679,46124,190
Mastermind,Taylor Swift,2022,218320587,1956,5
The Motto,"Tiï¿½ï¿½sto, Ava",2021,656013912,9659,118
"Link Up (Metro Boomin & Don Toliver, Wizkid feat. BEAM & Toian) - Spider-Verse Remix (Spider-Man: Across the Spider-Verse )","WizKid, Toian, Metro Boomin, Don Toliver, Beam",2023,32761689,203,10
You Right,"Doja Cat, The Weeknd",2021,672656250,5256,13
Purple Hearts,"Kendrick Lamar, Ghostface Killah, Summer Walker",2022,76831876,2322,0
Question...?,Taylor Swift,2022,223064273,1630,3
Sem Alianï¿½ï¿½a no ,"MC Xenon, Os Gemeos da Putaria",2022,93587665,481,6
Take On Me,a-ha,1984,1479115056,50069,23
Betty (Get Money),Yung Gravy,2022,221752937,2473,3
LOKERA,"Brray, Rauw Alejandro, Lyanno",2022,471819764,3437,103
Sad Girlz Luv Money Remix (feat. Kali Uchis),"Kali Uchis, Amaarae, Moliy",2021,354065229,3782,6
"Here We Goï¿½ï¿½ï¿½ Again (feat. Tyler, the Cr","The Weeknd, Tyler, The Creator",2022,88103848,1434,18
SUPERMODEL,Mï¿½ï¿½ne,2022,231657891,2531,26
Las Morras,"BLESSD, Peso Pluma",2023,127026613,303,88
"Paulo Londra: Bzrp Music Sessions, Vol. 23","Bizarrap, Paulo Londra",2022,164163229,954,0
Need To Know,Doja Cat,2021,1042568408,6947,96
Used (feat. Don Toliver),"SZA, Don Toliver",2022,94005786,1052,29
Angels Like You,Miley Cyrus,2020,570515054,3575,170
Somewhere Only We Know,Keane,2004,1089402494,25361,643
Attention,NewJeans,2022,264717480,822,154
When I Was Your Man,Bruno Mars,2012,1661187319,3226,11
Chanel,"Becky G, Peso Pluma",2023,161460990,717,130
Despuï¿½ï¿½s de la P,Bad Bunny,2022,461558540,2280,49
Erro Gostoso - Ao Vivo,Simone Mendes,2023,153454328,1068,113
Doja,Central Cee,2022,482257456,4409,100
It's the Most Wonderful Time of the Year,Andy Williams,1963,663832097,9221,108
Lavender Haze,Taylor Swift,2022,488386797,3852,62
Labyrinth,Taylor Swift,2022,187339835,1618,3
El Azul,"Junior H, Peso Pluma",2023,354495408,708,197
Christmas (Baby Please Come Home),Darlene Love,1963,242767149,9455,58
Medallo,"Justin Quiles, Lenny Tavï¿½ï¿½rez, BL",2021,393230256,2891,24
With you,"HA SUNG WOON, Jimin",2022,240580042,358,39
drivers license,Olivia Rodrigo,2021,1858144199,13355,124
Belly Dancer,"BYOR, Imanbek",2022,383835984,5525,85
Cupido,Tini,2023,217672943,1354,111
Contection,"GODZZ__-, Zakaria",2020,1180896317,7418,46
Falling,Harry Styles,2019,1023187129,7934,32
Thinking with My Dick,"Kevin Gates, Juicy J",2013,109091573,1564,0
Antidepresan,"Mabel Matiz, Mert Demir",2022,136689549,330,18
This Love (Taylorï¿½ï¿½ï¿½s Ve,Taylor Swift,2022,132171975,1533,4
I Can See You (Taylorï¿½ï¿½ï¿½s Version) (From The ,Taylor Swift,2023,52135248,631,308
ANTIFRAGILE,LE SSERAFIM,2022,301051721,795,110
Layla,"Schï¿½ï¿½rze, DJ R",2022,130419412,874,128
Rosa Pastel,"Jasiel Nuï¿½ï¿½ez, Peso P",2023,90025258,210,83
KICK BACK,Kenshi Yonezu,2022,210038833,638,105
Lucid Dreams,Juice WRLD,2017,2288695111,15647,39
Iris,The Goo Goo Dolls,1998,1284942608,13820,14
Classy 101,"Feid, Young Miko",2023,335222234,2707,341
Memories,Maroon 5,2019,1759567999,11312,89
Car's Outside,James Arthur,2019,265882712,893,298
Smoking on my Ex Pack,SZA,2022,57144458,820,11
Novidade na ï¿½ï¿,"Mc Livinho, DJ Matt D",2023,39709092,301,89
Someone You Loved,Lewis Capaldi,2018,2887241814,20076,238
Shut up My Moms Calling,Hotel Ugly,2020,405136812,1808,83
Barbie World (with Aqua) [From Barbie The Album],"Nicki Minaj, Aqua, Ice Spice",2023,65156199,1264,1374
Pasoori,"Shae Gill, Ali Sethi",2022,284249832,362,28
RUMBATï¿½,Daddy Yankee,2022,157990698,1336,5
Fim de Semana no Rio,teto,2022,139193812,373,4
Crown,Kendrick Lamar,2022,42485571,1505,0
Less Than Zero,The Weeknd,2022,200660871,2879,78
I Like You (A Happier Song) (with Doja Cat),"Post Malone, Doja Cat",2022,609293408,5455,88
One Right Now (with The Weeknd),"The Weeknd, Post Malone",2021,539595276,4914,19
Es un Secreto,Plan B,2010,540654286,515,39
Meet Me At Our Spot,"THE ANXIETY, Willow, Tyler Cole",2020,530511203,6871,15
Yandel 150,"Yandel, Feid",2022,585695368,3745,320
Numb,Linkin Park,2003,1361425037,27491,5
DANï¿½ï¿½A,"Mc Pedrinho, Pedro Sampaio",2022,208166039,1055,4
Praise God,Kanye West,2021,376333030,4780,6
Volando - Remix,"Sech, Bad Bunny, Mora",2021,610045621,3443,56
F2F,SZA,2022,67540165,995,9
Sï¿½ï¿½,"Anuel Aa, Myke Towers, Jhay Cortez",2021,177129919,948,26
Cooped Up (with Roddy Ricch),"Post Malone, Roddy Ricch",2022,271666301,3027,28
ELEVEN,IVE,2021,247737946,549,90
Flowers,Lauren Spencer Smith,2021,184826429,867,11
good 4 u,Olivia Rodrigo,2021,1887039593,16283,122
Surface Pressure,Jessica Darrow,2021,267758538,1814,48
The Joker And The Queen (feat. Taylor Swift),"Ed Sheeran, Taylor Swift",2022,146789379,1510,1
Why'd You Only Call Me When You're High?,Arctic Monkeys,2013,1267333350,24532,102
this is what falling in love feels like,JVKE,2021,346127840,2064,12
In The Stars,Benson Boone,2022,382199619,2359,259
Andrea,"Buscabulla, Bad Bunny",2022,344055883,1216,32
Miss You,Southstar,1982,154356956,2216,50
Rich Spirit,Kendrick Lamar,2022,173702135,3539,10
There's Nothing Holdin' Me Back,Shawn Mendes,2016,1714490998,13981,130
Neverita,Bad Bunny,2022,671365962,2645,100
Ella Baila Sola,"Eslabon Armado, Peso Pluma",2023,725980112,3167,703
Do It To It,"Cherish, ACRAZE",2021,674772936,13051,74
Wait a Minute!,Willow,2015,924193303,12314,93
Shut up My Moms Calling - (Sped Up),Hotel Ugly,2022,181831132,721,11
Last Last,Burna Boy,2022,293466523,4832,418
Ainï¿½ï¿½ï¿½t Tha,Morgan Wallen,2023,88791109,360,24
FLOWER,JISOO,2023,232896922,879,197
When I R.I.P.,Labrinth,2019,203680270,2652,67
Sky,Playboi Carti,2020,506778838,3374,7
Casei Com a Putaria,"MC Ryan SP, Love Funk, Mc Paiva ZS",2022,187701588,678,4
Un Ratito,Bad Bunny,2022,417230415,1132,38
Yo No Soy Celoso,Bad Bunny,2022,313113297,1197,21
Punto G,Quevedo,2022,381161027,2056,67
Say Yes To Heaven,Lana Del Rey,2023,127567540,2112,152
Worst Day,Future,2022,50746620,954,3
"Hey, Mickey!",Baby Tate,2016,122763672,503,8
Cinema,Harry Styles,2022,189236868,2217,1
Santa Tell Me,Ariana Grande,2013,834129063,10078,166
Let It Snow! Let It Snow! Let It Snow!,Dean Martin,1959,446390129,6877,1
Mary On A Cross,Ghost,2019,387080183,2784,409
ULTRA SOLO REMIX,"De La Ghetto, Feid, Polima WestCoast, Paloma Mami, Pailita",2022,279717388,2416,4
Smokin Out The Window,"Bruno Mars, Anderson .Paak, Silk Sonic",2021,383550148,5102,40
LAGUNAS,"Jasiel Nuï¿½ï¿½ez, Peso P",2023,39058561,64,310
Moonlight,Kali Uchis,2023,256483385,2773,737
Lilith (feat. SUGA of BTS) (Diablo IV Anthem),"Halsey, Suga",2023,51985779,229,26
Don't Start Now,Dua Lipa,2019,2303033973,29186,88
Search & Rescue,Drake,2023,175097833,2167,258
Pussy & Millions (feat. Travis Scott),"Drake, Travis Scott, 21 Savage",2022,191333656,1971,9
Boyfriend,Dove Cameron,2022,496311364,3944,2
Abcdario,"Junior H, Eden Muï¿½ï",2023,89933133,274,175
traitor,"Juan Cruz Toledo, Huilen Toledo",2021,1230855859,5476,109
'Till I Collapse,"Eminem, Nate Dogg",2002,1695712020,25516,47
Running Up That Hill (A Deal With God),Kate Bush,1985,1024858327,22604,4
Circo Loco,"Drake, 21 Savage",2022,141720999,1837,12
RAPSTAR,Polo G,2021,797402345,4950,12
Thinking Out Loud,Ed Sheeran,2014,2280566092,37290,157
Bigger Than The Whole Sky,Taylor Swift,2022,121871870,1192,0
Talk,YEAT,2022,148461629,938,1
Problemï¿½,"Alvaro Diaz, Rauw Alejandro",2021,209768491,1574,11
The Astronaut,Jin,2022,203436468,506,137
Merry Christmas,"Ed Sheeran, Elton John",2017,135723538,2422,90
Atlantis,Seafret,2015,571386359,3222,92
Privileged Rappers,"Drake, 21 Savage",2022,112436403,1016,5
Better Days (NEIKED x Mae Muller x Polo G),"NEIKED, Mae Muller, Polo G",2021,421040617,4269,16
What It Is (Solo Version),Doechii,2023,95131998,857,263
Nail Tech,Jack Harlow,2022,193443895,3005,0
Enchanted,Taylor Swift,2010,621660989,4701,157
10:35,"Tiï¿½ï¿½sto, Tate M",2022,325592432,5279,211
The Next Episode,"Dr. Dre, Snoop Dogg",1999,843309044,37355,994
Happier Than Ever - Edit,Billie Eilish,2021,412795151,2016,0
Un Verano Sin Ti,Bad Bunny,2022,283332261,1021,13
Mal Feito - Ao Vivo,"Marï¿½ï¿½lia Mendonï¿½ï¿½a, Hugo & G",2022,291709698,1099,107
Just Wanna Rock,Lil Uzi Vert,2022,457184829,4114,40
"Would've, Could've, Should've",Taylor Swift,2022,177503916,1727,5
Rockin' Around The Christmas Tree,Brenda Lee,1958,769213520,15391,228
Chance,Paulo Londra,2022,89566512,243,0
Ghost in the Machine (feat. Phoebe Bridgers),"SZA, Phoebe Bridgers",2022,110073250,1654,20
Freaks,Surf Curse,2015,824420218,3150,37
Hope,XXXTENTACION,2018,1200808494,3937,17
Moth To A Flame (with The Weeknd),"The Weeknd, Swedish House Mafia",2021,611994237,7893,251
Bam Bam (feat. Ed Sheeran),"Camila Cabello, Ed Sheeran",2022,756907987,6788,88
"Annihilate (Spider-Man: Across the Spider-Verse) (Metro Boomin & Swae Lee, Lil Wayne, Offset)","Swae Lee, Lil Wayne, Offset, Metro Boomin",2023,86773632,584,61
On Time (with John Legend),"John Legend, Metro Boomin",2022,78139948,406,4
B.O.T.A. (Baddest Of Them All) - Edit,"Interplanetary Criminal, Eliza Rose",2022,244585109,5368,71
San Lucas,Kevin Kaarl,2019,244891912,417,1
Vai Lï¿½ï¿½ Em Casa ,"Marï¿½ï¿½lia Mendonï¿½ï¿½a, George Henrique &",2021,263894529,868,3
Fuera del mercado,Danny Ocean,2022,421365166,2610,46
California Love - Original Version (Explicit),"Dr. Dre, 2Pac, Roger",1995,579395142,20564,17
A Veces (feat. Feid),"Feid, Paulo Londra",2022,73513683,582,0
Shallow,"Lady Gaga, Bradley Cooper",2018,2159346687,19858,294
I AM,IVE,2023,123132751,389,172
Before You Go,Lewis Capaldi,2019,1608045237,9157,179
HAPPY,NF,2023,52722996,693,85
Born Singer,BTS,2022,79095270,285,18
Blinding Lights,The Weeknd,2019,3703895074,47992,348
It'll Be Okay,Shawn Mendes,2021,287201015,2110,18
Superman,"Eminem, Dina Rae",2002,655466831,8638,65
Todo De Ti,Rauw Alejandro,2020,1168642797,12431,105
Baby Don't Hurt Me,"David Guetta, Anne-Marie, Coi Leray",2023,177740666,4635,998
House Of Memories,Panic! At The Disco,2016,582863434,3108,2
25k jacket (feat. Lil Baby),"Gunna, Lil Baby",2022,54937991,640,3
Cool for the Summer,Demi Lovato,2015,677389855,9975,11
Prohibidox,Feid,2022,185392587,1523,49
Angel Baby,Troye Sivan,2021,408843328,2043,44
I Wrote The Book,Morgan Wallen,2023,83021468,445,17
Music For a Sushi Restaurant,Harry Styles,2022,334733572,4595,13
Spin Bout U,"Drake, 21 Savage",2022,198365537,1688,149
You Proof,Morgan Wallen,2022,367814306,2174,111
Still D.R.E.,"Dr. Dre, Snoop Dogg",1999,1210599487,40698,79
Without Me,Eminem,2002,1687664027,25068,124
Hati-Hati di Jalan,Tulus,2022,202677468,212,6
Piï¿½ï¿½man Deï¿,"Semicenk, Doï¿½ï¿½u ",2023,43522589,194,43
Arcade,Duncan Laurence,2019,991336132,7337,108
Sigue,"Ed Sheeran, J Balvin",1996,106933107,1476,8
Watermelon Sugar,Harry Styles,2019,2322580122,23564,221
Take Two,BTS,2023,118482347,719,235
One Thing At A Time,Morgan Wallen,2022,148469433,827,83
Right On,Lil Baby,2022,101780047,1162,10
Until I Found You (with Em Beihold) - Em Beihold Version,"Em Beihold, Stephen Sanchez",2022,600976848,2921,241
Hey Mor,"Ozuna, Feid",2022,674072710,4789,144
Ghost,Justin Bieber,2021,1167330737,6068,122
LET GO,Central Cee,2022,298063749,2460,51
Limbo,Freddie Dredd,2022,199386237,719,3
Sweet Nothing,Taylor Swift,2022,186104310,1769,8
My Only Wish (This Year),Britney Spears,2000,261116938,7353,53
Cash In Cash Out,"Pharrell Williams, Tyler, The Creator, 21 Savage",2022,136676504,2376,0
Vegas (From the Original Motion Picture Soundtrack ELVIS),Doja Cat,2022,448500832,4748,30
The Nights,Avicii,2014,1456081449,18728,185
Infinity,Jaymes Young,2017,888046992,4795,0
CAIRO,"Karol G, Ovy On The Drums",2022,294352144,2525,109
Deck The Hall - Remastered 1999,Nat King Cole,1959,127027715,3405,39
Ensï¿½ï¿½ï¿½ï¿½ame ,Bad Bunny,2022,279737940,1131,28
Enchanted (Taylor's Version),Taylor Swift,2023,39578178,188,124
Tormenta (feat. Bad Bunny),"Gorillaz, Bad Bunny",2023,149778242,1600,20
Mother I Sober (feat. Beth Gibbons of Portishead),"Kendrick Lamar, Beth Gibbons",2022,33381454,1895,0
Normal,Feid,2022,459276435,2553,113
MONEY,Lisa,2021,863625566,2741,182
Entre Nosotros (Remix) [con Nicki Nicole],"Lit Killah, Maria Becerra, Tiago pzk, NICKI NICOLE",2022,236940480,803,3
"""Come Back Home - From """"Purple Hearts""""""",Sofia Carson,2022,97610446,590,67
Escapism. - Sped Up,"RAYE, 070 Shake",2022,184308753,1391,9
Massive,Drake,2022,195628667,5390,100
Cold Heart - PNAU Remix,"Dua Lipa, Elton John, Pnau",2017,1605224506,22515,536
Friday (feat. Mufasa & Hypeman) - Dopamine Re-Edit,"Riton, Nightcrawlers, Mufasa & Hypeman, Dopamine",2021,863756573,12962,72
Stefania (Kalush Orchestra),KALUSH,2022,53729194,569,4
Bite Me,ENHYPEN,2023,76767396,362,221
SORRY NOT SORRY,"Tyler, The Creator",2023,58473276,730,1
2 Be Loved (Am I Ready),Lizzo,2022,247689123,3881,76
Somebody That I Used To Know,"Gotye, Kimbra",2011,1457139296,49523,197
Party,"Bad Bunny, Rauw Alejandro",2022,614555082,3260,107
Man Made A Bar (feat. Eric Church),"Morgan Wallen, Eric Church",2023,58890931,344,35
Good Looking,Suki Waterhouse,2017,184706613,2300,7
Malas Decisiones,Kenia OS,2022,156214700,586,4
Is There Someone Else?,The Weeknd,2022,391251368,2928,98
Maan Meri Jaan,King,2022,319566866,300,94
"""Kesariya (From """"Brahmastra"""")""","Pritam, Arijit Singh, Amitabh Bhattacharya",2022,366599607,322,104
Grapejuice,Harry Styles,2022,199587884,2008,1
Besos Moja2,"Wisin & Yandel, ROSALï¿½",2022,309483971,2569,24
Cruel Summer,Taylor Swift,2019,800840817,8099,867
"Tiago PZK: Bzrp Music Sessions, Vol. 48","Bizarrap, Tiago pzk",2021,374191487,1713,20
"Stay With Me (with Justin Timberlake, Halsey, & Pharrell)","Calvin Harris, Halsey, Pharrell Williams, Justin Timberlake",2022,123473120,3291,7
La Jumpa,"Arcangel, Bad Bunny",2022,538115192,3894,129
Afraid To Feel,LF System,2022,244790012,6155,161
OUT OUT (feat. Charli XCX & Saweetie),"Charli XCX, Jax Jones, Joel Corry, Saweetie",2021,427486004,7213,12
Tï¿½ï¿,"dennis, MC Kevin o Chris",2023,111947664,831,203
"""Nobody Like U - From """"Turning Red""""""","Jordan Fisher, Josh Levi, Finneas O'Connell, 4*TOWN (From Disney and Pixarï¿½ï¿½ï¿½s Turning Red), Topher Ngo, Grayson Vill",2022,120847157,982,39
Still With You,Jung Kook,2020,38411956,41,146
Bye Bye,"Marshmello, Juice WRLD",2022,84697729,791,0
STAYING ALIVE (feat. Drake & Lil Baby),"Drake, DJ Khaled, Lil Baby",2022,170732845,2208,1
Mirror,Kendrick Lamar,2022,53603447,1935,0
Glimpse of Us,Joji,2022,988515741,6597,82
If We Ever Broke Up,Mae Stephens,2023,165584767,2187,484
Locked Out Of Heaven,Bruno Mars,2012,1481349984,1978,9
DARARI,Treasure,2022,182978249,345,30
Lost in the Fire,"The Weeknd, Gesaffelstein",2019,686734357,8288,193
I Wanna Be Yours,Arctic Monkeys,2013,1297026226,13465,283
As It Was,Harry Styles,2022,2513188493,24841,434
BABY OTAKU,"Fran C, Polima WestCoast, Nickoog Clk, Pablito Pesadilla",2022,159240673,863,1
Low,SZA,2022,272377463,1948,80
Ginseng Strip 2002,Yung Lean,2013,240769997,4436,4
Callaita,"Bad Bunny, Tainy",2019,1304313953,10056,138
Leave Before You Love Me (with Jonas Brothers),"Marshmello, Jonas Brothers",2021,651732901,5146,98
Nostï¿½ï¿½l,"Chris Brown, Rvssian, Rauw Alejandro",2021,436695353,2925,94
Envolver,Anitta,2021,546191065,4976,120
Phantom Regret by Jim,The Weeknd,2022,31959571,772,1
Under The Influence,Chris Brown,2019,929964809,3995,267
Late Night Talking,Harry Styles,2022,743693613,7826,124
"""Tere Vaaste (From """"Zara Hatke Zara Bachke"""")""","Sachin-Jigar, Shadab Faridi, Altamash Faridi, Amitabh Bhattacharya, Varun Jain",2023,54225632,186,148
Cupid - Twin Ver.,Fifty Fifty,2023,496795686,3111,295
Red Ruby Da Sleeze,Nicki Minaj,2023,81419389,1233,32
Shorty Party,"Cartel De Santa, La Kelly",2023,162887075,452,61
Run Rudolph Run - Single Version,Chuck Berry,1958,245350949,8784,31
Peaches (feat. Daniel Caesar & Giveon),"Justin Bieber, Daniel Caesar, Giveon",2021,1445941661,14983,118
Do We Have A Problem?,"Nicki Minaj, Lil Baby",2022,81350745,1132,1
Happier Than Ever,Billie Eilish,2021,1056760045,8897,193
Christmas Tree,V,2021,317622165,523,123
Malvada,Zï¿½ï¿½ Fe,2022,154119539,693,73
I'm Not The Only One,Sam Smith,2014,1606986953,19587,57
Ai Preto,"L7nnon, DJ Biel do Furduncinho, Bianca",2022,176103902,976,4
THATS WHAT I WANT,Lil Nas X,2021,920797189,8434,11
Levitating (feat. DaBaby),"Dua Lipa, DaBaby",2020,1802514301,16636,81
ALIEN SUPERSTAR,Beyoncï¿,2022,171788484,2763,47
En Paris,"El Chachito, Junior H",2022,198275403,411,37
Save Your Tears (with Ariana Grande) (Remix),"Ariana Grande, The Weeknd",2020,1221813483,9869,116
Komang,Raim Laode,2022,137123880,164,29
Closer,"The Chainsmokers, Halsey",2016,2591224264,30526,203
Hrs and Hrs,Muni Long,2021,181328253,1889,53
Life Goes On,Oliver Tree,2020,501541661,3027,75
Those Eyes,New West,2019,411747614,1575,281
LA INOCENTE,"Feid, Mora",2022,477033549,2669,187
La Santa,"Daddy Yankee, Bad Bunny",2020,759208783,5042,62
Gasolina,Daddy Yankee,2004,657723613,7008,567
Run BTS,BTS,2022,330881149,758,135
Sin Seï¿½ï,"Ovy On The Drums, Quevedo",2022,209106362,1128,14
Caile,Luar La L,2020,273914335,1526,14
Viva La Vida,Coldplay,2008,1592909789,38226,71
august,Taylor Swift,2020,607123776,7410,148
POP!,Nayeon,2022,213505179,604,23
Talk that Talk,TWICE,2022,189476119,644,80
Space Song,Beach House,2015,789753877,18256,140
Do I Wanna Know?,Arctic Monkeys,2013,1788326445,36649,145
The Night We Met,Lord Huron,2015,1410088830,19524,280
Die For You,The Weeknd,2016,1647990401,2575,339
Un Finde | CROSSOVER #2,"Big One, FMK, Ke personajes",2023,142095275,577,89
Save Your Tears,The Weeknd,2020,1591223784,12997,328
Bad Habit,Steve Lacy,2022,822633917,8472,129
El Gordo Trae El Mando,Chino Pacas,2023,255932395,550,107
Shut Down,BLACKPINK,2022,482175240,1639,139
X SI VOLVEMOS,"Karol G, Romeo Santos",2023,266624541,2225,125
Way 2 Sexy (with Future & Young Thug),"Drake, Future, Young Thug",2021,489945871,5711,30
Style,Taylor Swift,2014,786181836,8075,239
family ties (with Kendrick Lamar),"Kendrick Lamar, Baby Keem",2021,560222750,6485,22
People Pt.2 (feat. IU),"IU, Agust D",2023,95816024,224,75
Sugar Rush Ride,TOMORROW X TOGETHER,2023,107642809,384,69
Sweet Child O' Mine,Guns N' Roses,1987,1553497987,48179,254
Miracle (with Ellie Goulding),"Calvin Harris, Ellie Goulding",2023,211050784,5527,810
Wake Me Up - Radio Edit,Avicii,2013,1970673297,57486,241
ZOOM,Jessi,2022,136996305,627,29
UNFORGIVEN (feat. Nile Rodgers),"Nile Rodgers, LE SSERAFIM",2023,92035115,350,172
Let It Snow! Let It Snow! Let It Snow!,"Frank Sinatra, B. Swanson Quartet",1950,473248298,11117,108
The Hills,The Weeknd,2015,1947371785,27858,116
Ferxxo 100,Feid,2022,278920007,1690,83
Peru,"Ed Sheeran, Fireboy DML",2021,261286503,3213,39
Superhero (Heroes & Villains) [with Future & Chris Brown],"Future, Chris Brown, Metro Boomin",2022,401036314,3038,121
Dos Mil 16,Bad Bunny,2022,338422004,913,27
Lose Yourself - Soundtrack Version,Eminem,2002,1829992958,38316,127
Starlight,Dave,2022,229473310,1916,45
Beggin,Mï¿½ï¿½ne,2017,1367810478,9706,148
IDGAF (with blackbear),"Blackbear, BoyWithUke",2022,197643795,648,3
LLYLM,ROSALï¿½,2023,124988687,2057,101
Queencard,(G)I-DLE,2023,96273746,468,307
Revenge,XXXTENTACION,2017,1022258230,3810,13
El Rescate,"Grupo Marca Registrada, Junior H",2022,287278853,540,48
Forgot About Dre,"Eminem, Dr. Dre",1999,675039469,20819,18
I Tried to Tell Y'all,"Ugly Dray, Tesla Jnr",2022,121077868,1675,3
"All The Way Live (Spider-Man: Across the Spider-Verse) (Metro Boomin & Future, Lil Uzi Vert)","Future, Lil Uzi Vert, Metro Boomin",2023,37126685,269,17
The Heart Part 5,Kendrick Lamar,2022,71423324,2998,0
Daddy Issues,The Neighbourhood,2015,1127468248,10197,77
Easy On Me,Adele,2021,1406111294,11110,138
No Lie,"Sean Paul, Dua Lipa",2016,956865266,8681,189
"Angel Pt 1 (feat. Jimin of BTS, JVKE & Muni Long)","Kodak Black, NLE Choppa, Muni Long, JVKE, Jimin",2023,133753727,614,33
Heather,Conan Gray,2020,1301799902,6483,10
Shivers,Ed Sheeran,2021,1302184087,10924,179
Selfish,PnB Rock,2016,380319238,2483,0
"""What Was I Made For? [From The Motion Picture """"Barbie""""]""",Billie Eilish,2023,30546883,1048,1528
Monï¿½ï¿½y so,YEAT,2021,263779030,1487,10
Devil Donï¿½ï¿½ï¿½,Morgan Wallen,2023,32526947,168,10
The Rumbling (TV Size),SiM,2022,71014967,277,4
Excuses,"Intense, AP Dhillon, Gurinder Gill",2020,327498031,281,25
Love Of My Life,Harry Styles,2022,233671263,1977,2
die first,Nessa Barrett,2022,131746175,814,0
You Make It Feel Like Christmas (feat. Blake Shelton),"Gwen Stefani, Blake Shelton",2005,180577478,2715,56
Take My Breath,The Weeknd,2021,563358137,9562,153
My Mind & Me,Selena Gomez,2022,91473363,1051,14
Karma (feat. Ice Spice),"Taylor Swift, Ice Spice",2023,46142772,642,21
Auntie Diaries,Kendrick Lamar,2022,37778188,1550,0
In My Head,Lil Tjay,2022,190981339,1237,0
Gasoline,The Weeknd,2022,116903579,2322,29
El Merengue,"Marshmello, Manuel Turizo",2023,223633238,2304,453
KU LO SA - A COLORS SHOW,Oxlade,2022,222410722,2243,88
La Bebe,Yng Lvcas,2021,191945597,498,31
Sobrio,Maluma,2021,513643924,3709,88
Die For You,Joji,2022,246390068,1777,61
Murder In My Mind,Kordhell,2022,448843705,2529,110
Keep Driving,Harry Styles,2022,236060709,2120,2
Pink + White,Frank Ocean,2016,806397070,21952,138
Seï¿½ï¿½o,"Shawn Mendes, Camila Cabello",2019,2484812918,17248,61
Count Me Out,Kendrick Lamar,2022,126191104,2745,8
See You Again,"Tyler, The Creator, Kali Uchis",2017,1047101291,13711,434
Con La Brisa,"Ludwig Goransson, Foudeqush",2022,71095708,501,1
Self Love (Spider-Man: Across the Spider-Verse) (Metro Boomin & Coi Leray),"Metro Boomin, Coi Leray",2023,70106975,355,65
That That (prod. & feat. SUGA of BTS),"PSY, Suga",2022,212109195,841,81
Sial,Mahalini,2023,166570053,138,33
Sweater Weather,The Neighbourhood,2012,2282771485,17635,209
What Else Can I Do?,"Stephanie Beatriz, Diane Guerrero",2021,154797871,823,27
It's Beginning To Look A Lot Like Christmas,Michael Bublï¿,2011,807561936,12937,0
Daydreaming,Harry Styles,2022,187703102,1938,2
ýýýýýýýýýýýýýýýýýýýýý,Fujii Kaze,2020,403097450,718,131
Tubarï¿½ï¿½o Te,"Dj LK da Escï¿½ï¿½cia, Tchakabum, mc jhenny, M",2022,116144341,1068,0
Don't ever say love me (feat. RM of BTS),"RM, Colde",2023,34502215,115,9
2055,Sleepy hallow,2021,624515457,2299,0
Dandelions,Ruth B.,2017,1116995633,3523,154
Dream On,Aerosmith,1973,838586769,173,0
Chemical,Post Malone,2023,172825906,2643,619
Die For You - Remix,"Ariana Grande, The Weeknd",2023,518745108,3569,150
Private Landing (feat. Justin Bieber & Future),"Don Toliver, Future, Justin Bieber",2023,105062254,1237,22
All For Us - from the HBO Original Series Euphoria,"Labrinth, Zendaya",2019,426204830,5382,127
LADY GAGA,"Gabito Ballesteros, Junior H, Peso Pluma",2023,86444842,353,193
Heaven,Niall Horan,2023,144584800,1662,158
Vista Al Mar,Quevedo,2022,362361576,1806,60
I WANNA BE YOUR SLAVE,Mï¿½ï¿½ne,2021,851070493,5372,104
Muï¿½ï¿½,"Steve Aoki, Tini, La Joaqui",2023,120972253,744,15
Demasiadas Mujeres,C. Tangana,2020,339473453,2273,16
Unholy (feat. Kim Petras),"Sam Smith, Kim Petras",2022,1230675890,9123,330
I Was Never There,"The Weeknd, Gesaffelstein",2018,705469769,4360,112
Peaches (from The Super Mario Bros. Movie),Jack Black,2023,68216992,34,0
Mr. Brightside,The Killers,2003,1806617704,57348,236
Mujeriego,Ryan Castro,2021,231996128,1627,87
Forever,Labrinth,2019,282883169,3777,88
Everything I Love,Morgan Wallen,2023,95623148,590,157
Escapism.,"RAYE, 070 Shake",2022,532336353,5359,475
California Breeze,Lil Baby,2022,85559365,1040,41
pushin P (feat. Young Thug),"Young Thug, Future, Gunna",2022,311395144,3614,28
Knife Talk (with 21 Savage ft. Project Pat),"Drake, Project Pat, 21 Savage",2021,594482982,5289,46
Slut Me Out,NLE Choppa,2022,190490915,850,12
Donï¿½ï¿½ï¿½t Bl,Taylor Swift,2017,685032533,4894,78
Another Love,Tom Odell,2012,1813673666,22015,284
Sprinter,"Dave, Central Cee",2023,183706234,2341,1267
Lovezinho,Treyce,2022,70069745,267,6
Pepas,Farruko,2021,1309887447,15331,206
Mon Amour - Remix,"Aitana, zzoilo",2020,578207856,3427,55
Princess Diana (with Nicki Minaj),"Nicki Minaj, Ice Spice",2023,104992946,1444,4
Forget Me,Lewis Capaldi,2022,239411309,2697,310
Beautiful Girl,Luciano,2022,160035717,744,15
Dynamite,BTS,2020,1692897992,9350,228
After LIKE,IVE,2022,265548837,798,153
HEARTBREAK ANNIVERSARY,Giveon,2020,951637566,5719,168
Lost,Frank Ocean,2012,822239726,30210,42
All Too Well (10 Minute Version) (Taylor's Version) (From The Vault),Taylor Swift,2021,583687007,4715,57
REMIX EXCLUSIVO,Feid,2023,117206995,1270,23
Jingle Bell Rock,Bobby Helms,1957,741301563,10595,159
Lovers Rock,TV Girl,2014,466231982,6378,52
Que Vuelvas,"Carin Leon, Grupo Frontera",2022,2762,805,216
Take Me To Church,Hozier,2013,2135158446,28614,131
Kiss Me More (feat. SZA),"SZA, Doja Cat",2021,1575467011,16746,77
MIENTRAS ME CURO DEL CORA,Karol G,2023,206399629,1065,67
You Belong With Me (Taylorï¿½ï¿½ï¿½s Ve,Taylor Swift,2021,350381515,2667,109
Me and Your Mama,Childish Gambino,2016,445590495,8915,61
Love Nwantiti - Remix,"Ckay, AX'EL, Dj Yo!",2019,540539717,2795,62
THE LONELIEST,Mï¿½ï¿½ne,2022,225093344,1991,269
The Real Slim Shady,Eminem,2000,1424589568,24115,98
Pass The Dutchie,Musical Youth,1982,195918494,6282,76
Alone,Burna Boy,2022,96007391,841,21
One Dance,"Drake, WizKid, Kyla",2016,2713922350,47321,157
Nos Comemos (feat. Ozuna),"Ozuna, Tiago pzk",2022,138334433,898,0
Rich - Interlude,Kendrick Lamar,2022,41210087,1103,0
Lo Siento BB:/ (with Bad Bunny & Julieta Venegas),"Julieta Venegas, Bad Bunny, Tainy",2021,775542072,3537,97
Honest (feat. Don Toliver),"Justin Bieber, Don Toliver",2022,106919680,1394,1
My Universe,"Coldplay, BTS",2021,1061966512,6127,13
"jealousy, jealousy",Olivia Rodrigo,2021,665765558,3337,0
Thinkinï¿½ï¿½ï¿½ B,Morgan Wallen,2023,125917280,626,173
Where Are You Now,"Lost Frequencies, Calum Scott",2021,972509632,11360,241
Bored,Billie Eilish,2017,777765388,4493,45
Die Young (feat. 347aidan),"Sleepy hallow, 347aidan",2022,160845341,930,0
Danger (Spider) (Offset & JID),"Offset, JID",2023,24975653,223,3
Permission to Dance,BTS,2021,608334048,1952,138
Rolling in the Deep,Adele,2010,1472799873,42159,211
Back To December (Taylor's Version),Taylor Swift,2023,39228929,160,97
Starry Eyes,The Weeknd,2022,74601456,1026,17
Ferrari,"James Hype, Miggy Dela Rosa",2022,462791599,8106,275
TUS Lï¿½ï¿½GR,"Sech, Mora",2022,184622518,1340,23
LA CANCIï¿½,"J Balvin, Bad Bunny",2019,1435127549,6880,148
Boy's a liar,PinkPantheress,2022,156338624,1280,13
Mistletoe,Justin Bieber,2011,629173063,10082,111
Dawn FM,The Weeknd,2022,53933526,818,8
Heart To Heart,Mac DeMarco,2019,244658767,1696,29
Siempre Pendientes,"Peso Pluma, Luis R Conriquez",2022,295152154,704,86
MANIAC,Stray Kids,2022,212234990,677,188
Better Than Revenge (Taylor's Version),Taylor Swift,2023,30343206,92,45
La Zona,Bad Bunny,2020,312622938,1216,2
Rich Flex,"Drake, 21 Savage",2022,573633020,4783,125
Merry Christmas Everyone,Shakin' Stevens,1984,351636786,1182,35
Watch This - ARIZONATEARS Pluggnb Remix,"sped up nightcore, ARIZONATEARS, Lil Uzi Vert",2023,207033255,1659,10
Too Many Nights (feat. Don Toliver & with Future),"Future, Metro Boomin, Don Toliver",2022,286400165,2146,445
Malvadï¿½ï¿,"Xamï¿½ï¿½, Gustah, Neo B",2021,240684449,743,4
Where Did You Go?,"MNEK, Jax Jones",2022,300983101,4785,93
Everybody Wants To Rule The World,Tears For Fears,1985,1205951614,44507,723
Cï¿½ï¿½,Rauw Alejandro,2021,465959382,2711,90
AM Remix,"J Balvin, Nio Garcia, Bad Bunny",2021,528544703,6716,6
Numb Little Bug,Em Beihold,2022,258714692,2115,21
Snowman,Sia,2017,690104769,5725,170
SOS,SZA,2022,73981293,834,18
JGL,"Luis R Conriquez, La Adictiva",2022,323455692,803,43
Wonderful Christmastime - Edited Version / Remastered 2011,Paul McCartney,1979,403939487,1715,0
